Techstack,Links
"React, Node.js, MongoDB",https://github.com/sameera2105
"Angular,.NET, SQL Server",https://github.com/sameera2105
"Vue.js, Ruby on Rails, PostgreSQL",https://github.com/sameera2105
"Python, Django, MySQL",https://github.com/sameera2105
"Java, Spring Boot, Oracle",https://github.com/sameera2105
"Flutter, Firebase, GraphQL",https://github.com/sameera2105
"WordPress, PHP, MySQL",https://github.com/sameera2105
"Magento, PHP, MySQL",https://github.com/sameera2105
"React Native, Node.js, MongoDB",https://github.com/sameera2105
"iOS, Swift, Core Data",https://github.com/sameera2105
"Android, Java, Room Persistence",https://github.com/sameera2105
"Kotlin, Android, Firebase",https://github.com/sameera2105
"Android TV, Kotlin, Android NDK",https://github.com/sameera2105
"iOS, Swift, ARKit",https://github.com/sameera2105
"Cross-platform, Xamarin, Azure",https://github.com/sameera2105
"Backend, Kotlin, Spring Boot",https://github.com/sameera2105
"Frontend, TypeScript, Angular",https://github.com/sameera2105
"Full-stack, JavaScript, Express.js",https://github.com/sameera2105
"Machine Learning, Python, TensorFlow",https://github.com/sameera2105
"DevOps, Jenkins, Docker",https://github.com/sameera2105
